居住地_省,居住地_市,就业地_省,就业地_市,count
上海市,上海市,浙江省,丽水市,203
安徽省,亳州市,浙江省,丽水市,22
安徽省,六安市,浙江省,丽水市,7
江苏省,南京市,浙江省,丽水市,28
江苏省,南通市,浙江省,丽水市,28
浙江省,台州市,浙江省,丽水市,217
安徽省,合肥市,浙江省,丽水市,30
浙江省,嘉兴市,浙江省,丽水市,236
浙江省,宁波市,浙江省,丽水市,281
安徽省,安庆市,浙江省,丽水市,12
安徽省,宣城市,浙江省,丽水市,8
安徽省,宿州市,浙江省,丽水市,16
江苏省,宿迁市,浙江省,丽水市,5
江苏省,常州市,浙江省,丽水市,30
江苏省,徐州市,浙江省,丽水市,19
江苏省,扬州市,浙江省,丽水市,13
江苏省,无锡市,浙江省,丽水市,34
浙江省,杭州市,浙江省,丽水市,751
安徽省,池州市,浙江省,丽水市,8
江苏省,泰州市,浙江省,丽水市,5
安徽省,淮北市,浙江省,丽水市,7
安徽省,淮南市,浙江省,丽水市,8
江苏省,淮安市,浙江省,丽水市,4
浙江省,温州市,浙江省,丽水市,1378
浙江省,湖州市,浙江省,丽水市,63
安徽省,滁州市,浙江省,丽水市,10
江苏省,盐城市,浙江省,丽水市,11
浙江省,绍兴市,浙江省,丽水市,93
浙江省,舟山市,浙江省,丽水市,17
安徽省,芜湖市,浙江省,丽水市,10
江苏省,苏州市,浙江省,丽水市,96
安徽省,蚌埠市,浙江省,丽水市,14
浙江省,衢州市,浙江省,丽水市,205
江苏省,连云港市,浙江省,丽水市,15
浙江省,金华市,浙江省,丽水市,1033
安徽省,铜陵市,浙江省,丽水市,2
江苏省,镇江市,浙江省,丽水市,9
安徽省,阜阳市,浙江省,丽水市,32
安徽省,马鞍山市,浙江省,丽水市,5
安徽省,黄山市,浙江省,丽水市,7
上海市,上海市,安徽省,亳州市,746
浙江省,丽水市,安徽省,亳州市,7
安徽省,六安市,安徽省,亳州市,113
江苏省,南京市,安徽省,亳州市,319
江苏省,南通市,安徽省,亳州市,81
浙江省,台州市,安徽省,亳州市,91
安徽省,合肥市,安徽省,亳州市,943
浙江省,嘉兴市,安徽省,亳州市,93
浙江省,宁波市,安徽省,亳州市,222
安徽省,安庆市,安徽省,亳州市,32
安徽省,宣城市,安徽省,亳州市,23
安徽省,宿州市,安徽省,亳州市,548
江苏省,宿迁市,安徽省,亳州市,25
江苏省,常州市,安徽省,亳州市,113
江苏省,徐州市,安徽省,亳州市,74
江苏省,扬州市,安徽省,亳州市,39
江苏省,无锡市,安徽省,亳州市,162
浙江省,杭州市,安徽省,亳州市,307
安徽省,池州市,安徽省,亳州市,24
江苏省,泰州市,安徽省,亳州市,26
安徽省,淮北市,安徽省,亳州市,1605
安徽省,淮南市,安徽省,亳州市,284
江苏省,淮安市,安徽省,亳州市,26
浙江省,温州市,安徽省,亳州市,126
浙江省,湖州市,安徽省,亳州市,74
安徽省,滁州市,安徽省,亳州市,83
江苏省,盐城市,安徽省,亳州市,16
浙江省,绍兴市,安徽省,亳州市,56
浙江省,舟山市,安徽省,亳州市,7
安徽省,芜湖市,安徽省,亳州市,76
江苏省,苏州市,安徽省,亳州市,415
安徽省,蚌埠市,安徽省,亳州市,808
浙江省,衢州市,安徽省,亳州市,9
江苏省,连云港市,安徽省,亳州市,13
浙江省,金华市,安徽省,亳州市,110
安徽省,铜陵市,安徽省,亳州市,9
江苏省,镇江市,安徽省,亳州市,41
安徽省,阜阳市,安徽省,亳州市,3743
安徽省,马鞍山市,安徽省,亳州市,65
安徽省,黄山市,安徽省,亳州市,22
上海市,上海市,安徽省,六安市,818
浙江省,丽水市,安徽省,六安市,6
安徽省,亳州市,安徽省,六安市,116
江苏省,南京市,安徽省,六安市,217
江苏省,南通市,安徽省,六安市,57
浙江省,台州市,安徽省,六安市,20
安徽省,合肥市,安徽省,六安市,3618
浙江省,嘉兴市,安徽省,六安市,77
浙江省,宁波市,安徽省,六安市,98
安徽省,安庆市,安徽省,六安市,1602
安徽省,宣城市,安徽省,六安市,35
安徽省,宿州市,安徽省,六安市,86
江苏省,宿迁市,安徽省,六安市,21
江苏省,常州市,安徽省,六安市,100
江苏省,徐州市,安徽省,六安市,47
江苏省,扬州市,安徽省,六安市,39
江苏省,无锡市,安徽省,六安市,165
浙江省,杭州市,安徽省,六安市,248
安徽省,池州市,安徽省,六安市,216
江苏省,泰州市,安徽省,六安市,25
安徽省,淮北市,安徽省,六安市,50
安徽省,淮南市,安徽省,六安市,369
江苏省,淮安市,安徽省,六安市,12
浙江省,温州市,安徽省,六安市,38
浙江省,湖州市,安徽省,六安市,44
安徽省,滁州市,安徽省,六安市,69
江苏省,盐城市,安徽省,六安市,16
浙江省,绍兴市,安徽省,六安市,35
浙江省,舟山市,安徽省,六安市,4
安徽省,芜湖市,安徽省,六安市,80
江苏省,苏州市,安徽省,六安市,562
安徽省,蚌埠市,安徽省,六安市,88
浙江省,衢州市,安徽省,六安市,10
江苏省,连云港市,安徽省,六安市,6
浙江省,金华市,安徽省,六安市,46
安徽省,铜陵市,安徽省,六安市,42
江苏省,镇江市,安徽省,六安市,29
安徽省,阜阳市,安徽省,六安市,814
安徽省,马鞍山市,安徽省,六安市,82
安徽省,黄山市,安徽省,六安市,24
上海市,上海市,江苏省,南京市,2647
浙江省,丽水市,江苏省,南京市,24
安徽省,亳州市,江苏省,南京市,269
安徽省,六安市,江苏省,南京市,203
江苏省,南通市,江苏省,南京市,965
浙江省,台州市,江苏省,南京市,116
安徽省,合肥市,江苏省,南京市,888
浙江省,嘉兴市,江苏省,南京市,155
浙江省,宁波市,江苏省,南京市,277
安徽省,安庆市,江苏省,南京市,129
安徽省,宣城市,江苏省,南京市,766
安徽省,宿州市,江苏省,南京市,432
江苏省,宿迁市,江苏省,南京市,972
江苏省,常州市,江苏省,南京市,1119
江苏省,徐州市,江苏省,南京市,1134
江苏省,扬州市,江苏省,南京市,1628
江苏省,无锡市,江苏省,南京市,1150
浙江省,杭州市,江苏省,南京市,750
安徽省,池州市,江苏省,南京市,103
江苏省,泰州市,江苏省,南京市,749
安徽省,淮北市,江苏省,南京市,161
安徽省,淮南市,江苏省,南京市,106
江苏省,淮安市,江苏省,南京市,1395
浙江省,温州市,江苏省,南京市,138
浙江省,湖州市,江苏省,南京市,141
安徽省,滁州市,江苏省,南京市,2910
江苏省,盐城市,江苏省,南京市,731
浙江省,绍兴市,江苏省,南京市,95
浙江省,舟山市,江苏省,南京市,30
安徽省,芜湖市,江苏省,南京市,519
江苏省,苏州市,江苏省,南京市,1948
安徽省,蚌埠市,江苏省,南京市,323
浙江省,衢州市,江苏省,南京市,36
江苏省,连云港市,江苏省,南京市,453
浙江省,金华市,江苏省,南京市,151
安徽省,铜陵市,江苏省,南京市,88
江苏省,镇江市,江苏省,南京市,4215
安徽省,阜阳市,江苏省,南京市,260
安徽省,马鞍山市,江苏省,南京市,3637
安徽省,黄山市,江苏省,南京市,68
上海市,上海市,江苏省,南通市,3977
浙江省,丽水市,江苏省,南通市,11
安徽省,亳州市,江苏省,南通市,67
安徽省,六安市,江苏省,南通市,53
江苏省,南京市,江苏省,南通市,818
浙江省,台州市,江苏省,南通市,91
安徽省,合肥市,江苏省,南通市,115
浙江省,嘉兴市,江苏省,南通市,155
浙江省,宁波市,江苏省,南通市,175
安徽省,安庆市,江苏省,南通市,27
安徽省,宣城市,江苏省,南通市,33
安徽省,宿州市,江苏省,南通市,150
江苏省,宿迁市,江苏省,南通市,130
江苏省,常州市,江苏省,南通市,271
江苏省,徐州市,江苏省,南通市,241
江苏省,扬州市,江苏省,南通市,250
江苏省,无锡市,江苏省,南通市,671
浙江省,杭州市,江苏省,南通市,317
安徽省,池州市,江苏省,南通市,20
江苏省,泰州市,江苏省,南通市,730
安徽省,淮北市,江苏省,南通市,38
安徽省,淮南市,江苏省,南通市,23
江苏省,淮安市,江苏省,南通市,140
浙江省,温州市,江苏省,南通市,84
浙江省,湖州市,江苏省,南通市,92
安徽省,滁州市,江苏省,南通市,75
江苏省,盐城市,江苏省,南通市,920
浙江省,绍兴市,江苏省,南通市,102
浙江省,舟山市,江苏省,南通市,44
安徽省,芜湖市,江苏省,南通市,68
江苏省,苏州市,江苏省,南通市,2157
安徽省,蚌埠市,江苏省,南通市,91
浙江省,衢州市,江苏省,南通市,17
江苏省,连云港市,江苏省,南通市,162
浙江省,金华市,江苏省,南通市,87
安徽省,铜陵市,江苏省,南通市,14
江苏省,镇江市,江苏省,南通市,161
安徽省,阜阳市,江苏省,南通市,78
安徽省,马鞍山市,江苏省,南通市,32
安徽省,黄山市,江苏省,南通市,11
上海市,上海市,浙江省,台州市,1663
浙江省,丽水市,浙江省,台州市,215
安徽省,亳州市,浙江省,台州市,206
安徽省,六安市,浙江省,台州市,37
江苏省,南京市,浙江省,台州市,185
江苏省,南通市,浙江省,台州市,147
安徽省,合肥市,浙江省,台州市,141
浙江省,嘉兴市,浙江省,台州市,324
浙江省,宁波市,浙江省,台州市,1979
安徽省,安庆市,浙江省,台州市,44
安徽省,宣城市,浙江省,台州市,32
安徽省,宿州市,浙江省,台州市,179
江苏省,宿迁市,浙江省,台州市,40
江苏省,常州市,浙江省,台州市,86
江苏省,徐州市,浙江省,台州市,74
江苏省,扬州市,浙江省,台州市,52
江苏省,无锡市,浙江省,台州市,155
浙江省,杭州市,浙江省,台州市,1549
安徽省,池州市,浙江省,台州市,55
江苏省,泰州市,浙江省,台州市,29
安徽省,淮北市,浙江省,台州市,46
安徽省,淮南市,浙江省,台州市,23
江苏省,淮安市,浙江省,台州市,28
浙江省,温州市,浙江省,台州市,1573
浙江省,湖州市,浙江省,台州市,149
安徽省,滁州市,浙江省,台州市,80
江苏省,盐城市,浙江省,台州市,59
浙江省,绍兴市,浙江省,台州市,381
浙江省,舟山市,浙江省,台州市,83
安徽省,芜湖市,浙江省,台州市,56
江苏省,苏州市,浙江省,台州市,600
安徽省,蚌埠市,浙江省,台州市,192
浙江省,衢州市,浙江省,台州市,81
江苏省,连云港市,浙江省,台州市,28
浙江省,金华市,浙江省,台州市,658
安徽省,铜陵市,浙江省,台州市,12
江苏省,镇江市,浙江省,台州市,35
安徽省,阜阳市,浙江省,台州市,290
安徽省,马鞍山市,浙江省,台州市,23
安徽省,黄山市,浙江省,台州市,25
上海市,上海市,安徽省,合肥市,2019
浙江省,丽水市,安徽省,合肥市,8
安徽省,亳州市,安徽省,合肥市,1438
安徽省,六安市,安徽省,合肥市,3806
江苏省,南京市,安徽省,合肥市,924
江苏省,南通市,安徽省,合肥市,166
浙江省,台州市,安徽省,合肥市,95
浙江省,嘉兴市,安徽省,合肥市,123
浙江省,宁波市,安徽省,合肥市,255
安徽省,安庆市,安徽省,合肥市,1658
安徽省,宣城市,安徽省,合肥市,389
安徽省,宿州市,安徽省,合肥市,843
江苏省,宿迁市,安徽省,合肥市,98
江苏省,常州市,安徽省,合肥市,215
江苏省,徐州市,安徽省,合肥市,213
江苏省,扬州市,安徽省,合肥市,141
江苏省,无锡市,安徽省,合肥市,350
浙江省,杭州市,安徽省,合肥市,613
安徽省,池州市,安徽省,合肥市,592
江苏省,泰州市,安徽省,合肥市,61
安徽省,淮北市,安徽省,合肥市,388
安徽省,淮南市,安徽省,合肥市,1939
江苏省,淮安市,安徽省,合肥市,82
浙江省,温州市,安徽省,合肥市,88
浙江省,湖州市,安徽省,合肥市,163
安徽省,滁州市,安徽省,合肥市,1136
江苏省,盐城市,安徽省,合肥市,64
浙江省,绍兴市,安徽省,合肥市,67
浙江省,舟山市,安徽省,合肥市,18
安徽省,芜湖市,安徽省,合肥市,1273
江苏省,苏州市,安徽省,合肥市,838
安徽省,蚌埠市,安徽省,合肥市,870
浙江省,衢州市,安徽省,合肥市,17
江苏省,连云港市,安徽省,合肥市,47
浙江省,金华市,安徽省,合肥市,116
安徽省,铜陵市,安徽省,合肥市,461
江苏省,镇江市,安徽省,合肥市,80
安徽省,阜阳市,安徽省,合肥市,1637
安徽省,马鞍山市,安徽省,合肥市,1303
安徽省,黄山市,安徽省,合肥市,329
上海市,上海市,浙江省,嘉兴市,4809
浙江省,丽水市,浙江省,嘉兴市,98
安徽省,亳州市,浙江省,嘉兴市,113
安徽省,六安市,浙江省,嘉兴市,79
江苏省,南京市,浙江省,嘉兴市,174
江苏省,南通市,浙江省,嘉兴市,164
浙江省,台州市,浙江省,嘉兴市,195
安徽省,合肥市,浙江省,嘉兴市,155
浙江省,宁波市,浙江省,嘉兴市,713
安徽省,安庆市,浙江省,嘉兴市,73
安徽省,宣城市,浙江省,嘉兴市,62
安徽省,宿州市,浙江省,嘉兴市,152
江苏省,宿迁市,浙江省,嘉兴市,50
江苏省,常州市,浙江省,嘉兴市,132
江苏省,徐州市,浙江省,嘉兴市,95
江苏省,扬州市,浙江省,嘉兴市,64
江苏省,无锡市,浙江省,嘉兴市,286
浙江省,杭州市,浙江省,嘉兴市,6011
安徽省,池州市,浙江省,嘉兴市,33
江苏省,泰州市,浙江省,嘉兴市,88
安徽省,淮北市,浙江省,嘉兴市,34
安徽省,淮南市,浙江省,嘉兴市,35
江苏省,淮安市,浙江省,嘉兴市,61
浙江省,温州市,浙江省,嘉兴市,251
浙江省,湖州市,浙江省,嘉兴市,986
安徽省,滁州市,浙江省,嘉兴市,68
江苏省,盐城市,浙江省,嘉兴市,105
浙江省,绍兴市,浙江省,嘉兴市,460
浙江省,舟山市,浙江省,嘉兴市,86
安徽省,芜湖市,浙江省,嘉兴市,81
江苏省,苏州市,浙江省,嘉兴市,2097
安徽省,蚌埠市,浙江省,嘉兴市,65
浙江省,衢州市,浙江省,嘉兴市,79
江苏省,连云港市,浙江省,嘉兴市,39
浙江省,金华市,浙江省,嘉兴市,287
安徽省,铜陵市,浙江省,嘉兴市,19
江苏省,镇江市,浙江省,嘉兴市,36
安徽省,阜阳市,浙江省,嘉兴市,209
安徽省,马鞍山市,浙江省,嘉兴市,31
安徽省,黄山市,浙江省,嘉兴市,32
上海市,上海市,浙江省,宁波市,2133
浙江省,丽水市,浙江省,宁波市,113
安徽省,亳州市,浙江省,宁波市,247
安徽省,六安市,浙江省,宁波市,81
江苏省,南京市,浙江省,宁波市,231
江苏省,南通市,浙江省,宁波市,152
浙江省,台州市,浙江省,宁波市,1420
安徽省,合肥市,浙江省,宁波市,250
浙江省,嘉兴市,浙江省,宁波市,525
安徽省,安庆市,浙江省,宁波市,74
安徽省,宣城市,浙江省,宁波市,61
安徽省,宿州市,浙江省,宁波市,196
江苏省,宿迁市,浙江省,宁波市,70
江苏省,常州市,浙江省,宁波市,150
江苏省,徐州市,浙江省,宁波市,136
江苏省,扬州市,浙江省,宁波市,88
江苏省,无锡市,浙江省,宁波市,283
浙江省,杭州市,浙江省,宁波市,2050
安徽省,池州市,浙江省,宁波市,43
江苏省,泰州市,浙江省,宁波市,53
安徽省,淮北市,浙江省,宁波市,74
安徽省,淮南市,浙江省,宁波市,50
江苏省,淮安市,浙江省,宁波市,52
浙江省,温州市,浙江省,宁波市,436
浙江省,湖州市,浙江省,宁波市,320
安徽省,滁州市,浙江省,宁波市,116
江苏省,盐城市,浙江省,宁波市,102
浙江省,绍兴市,浙江省,宁波市,1323
浙江省,舟山市,浙江省,宁波市,440
安徽省,芜湖市,浙江省,宁波市,82
江苏省,苏州市,浙江省,宁波市,910
安徽省,蚌埠市,浙江省,宁波市,141
浙江省,衢州市,浙江省,宁波市,158
江苏省,连云港市,浙江省,宁波市,68
浙江省,金华市,浙江省,宁波市,641
安徽省,铜陵市,浙江省,宁波市,11
江苏省,镇江市,浙江省,宁波市,63
安徽省,阜阳市,浙江省,宁波市,390
安徽省,马鞍山市,浙江省,宁波市,40
安徽省,黄山市,浙江省,宁波市,33
上海市,上海市,安徽省,安庆市,368
浙江省,丽水市,安徽省,安庆市,4
安徽省,亳州市,安徽省,安庆市,24
安徽省,六安市,安徽省,安庆市,1430
江苏省,南京市,安徽省,安庆市,96
江苏省,南通市,安徽省,安庆市,19
浙江省,台州市,安徽省,安庆市,17
安徽省,合肥市,安徽省,安庆市,1023
浙江省,嘉兴市,安徽省,安庆市,39
浙江省,宁波市,安徽省,安庆市,83
安徽省,宣城市,安徽省,安庆市,19
安徽省,宿州市,安徽省,安庆市,25
江苏省,宿迁市,安徽省,安庆市,7
江苏省,常州市,安徽省,安庆市,32
江苏省,徐州市,安徽省,安庆市,17
江苏省,扬州市,安徽省,安庆市,14
江苏省,无锡市,安徽省,安庆市,33
浙江省,杭州市,安徽省,安庆市,162
安徽省,池州市,安徽省,安庆市,8320
江苏省,泰州市,安徽省,安庆市,12
安徽省,淮北市,安徽省,安庆市,14
安徽省,淮南市,安徽省,安庆市,24
江苏省,淮安市,安徽省,安庆市,38
浙江省,温州市,安徽省,安庆市,45
浙江省,湖州市,安徽省,安庆市,153
安徽省,滁州市,安徽省,安庆市,20
江苏省,盐城市,安徽省,安庆市,7
浙江省,绍兴市,安徽省,安庆市,19
浙江省,舟山市,安徽省,安庆市,8
安徽省,芜湖市,安徽省,安庆市,109
江苏省,苏州市,安徽省,安庆市,124
安徽省,蚌埠市,安徽省,安庆市,22
浙江省,衢州市,安徽省,安庆市,2
江苏省,连云港市,安徽省,安庆市,5
浙江省,金华市,安徽省,安庆市,20
安徽省,铜陵市,安徽省,安庆市,272
江苏省,镇江市,安徽省,安庆市,11
安徽省,阜阳市,安徽省,安庆市,59
安徽省,马鞍山市,安徽省,安庆市,29
安徽省,黄山市,安徽省,安庆市,29
上海市,上海市,安徽省,宣城市,563
浙江省,丽水市,安徽省,宣城市,6
安徽省,亳州市,安徽省,宣城市,33
安徽省,六安市,安徽省,宣城市,35
江苏省,南京市,安徽省,宣城市,608
江苏省,南通市,安徽省,宣城市,18
浙江省,台州市,安徽省,宣城市,25
安徽省,合肥市,安徽省,宣城市,340
浙江省,嘉兴市,安徽省,宣城市,53
浙江省,宁波市,安徽省,宣城市,54
安徽省,安庆市,安徽省,宣城市,36
安徽省,宿州市,安徽省,宣城市,41
江苏省,宿迁市,安徽省,宣城市,13
江苏省,常州市,安徽省,宣城市,362
江苏省,徐州市,安徽省,宣城市,23
江苏省,扬州市,安徽省,宣城市,16
江苏省,无锡市,安徽省,宣城市,143
浙江省,杭州市,安徽省,宣城市,282
安徽省,池州市,安徽省,宣城市,38
江苏省,泰州市,安徽省,宣城市,19
安徽省,淮北市,安徽省,宣城市,11
安徽省,淮南市,安徽省,宣城市,16
江苏省,淮安市,安徽省,宣城市,14
浙江省,温州市,安徽省,宣城市,20
浙江省,湖州市,安徽省,宣城市,338
安徽省,滁州市,安徽省,宣城市,31
江苏省,盐城市,安徽省,宣城市,40
浙江省,绍兴市,安徽省,宣城市,27
浙江省,舟山市,安徽省,宣城市,3
安徽省,芜湖市,安徽省,宣城市,1062
江苏省,苏州市,安徽省,宣城市,182
安徽省,蚌埠市,安徽省,宣城市,22
浙江省,衢州市,安徽省,宣城市,7
江苏省,连云港市,安徽省,宣城市,5
浙江省,金华市,安徽省,宣城市,39
安徽省,铜陵市,安徽省,宣城市,43
江苏省,镇江市,安徽省,宣城市,31
安徽省,阜阳市,安徽省,宣城市,36
安徽省,马鞍山市,安徽省,宣城市,447
安徽省,黄山市,安徽省,宣城市,655
上海市,上海市,安徽省,宿州市,752
浙江省,丽水市,安徽省,宿州市,12
安徽省,亳州市,安徽省,宿州市,380
安徽省,六安市,安徽省,宿州市,64
江苏省,南京市,安徽省,宿州市,531
江苏省,南通市,安徽省,宿州市,126
浙江省,台州市,安徽省,宿州市,63
安徽省,合肥市,安徽省,宿州市,736
浙江省,嘉兴市,安徽省,宿州市,113
浙江省,宁波市,安徽省,宿州市,277
安徽省,安庆市,安徽省,宿州市,37
安徽省,宣城市,安徽省,宿州市,40
江苏省,宿迁市,安徽省,宿州市,235
江苏省,常州市,安徽省,宿州市,154
江苏省,徐州市,安徽省,宿州市,2294
江苏省,扬州市,安徽省,宿州市,51
江苏省,无锡市,安徽省,宿州市,208
浙江省,杭州市,安徽省,宿州市,314
安徽省,池州市,安徽省,宿州市,33
江苏省,泰州市,安徽省,宿州市,35
安徽省,淮北市,安徽省,宿州市,1647
安徽省,淮南市,安徽省,宿州市,61
江苏省,淮安市,安徽省,宿州市,48
浙江省,温州市,安徽省,宿州市,155
浙江省,湖州市,安徽省,宿州市,117
安徽省,滁州市,安徽省,宿州市,133
江苏省,盐城市,安徽省,宿州市,51
浙江省,绍兴市,安徽省,宿州市,64
浙江省,舟山市,安徽省,宿州市,12
安徽省,芜湖市,安徽省,宿州市,115
江苏省,苏州市,安徽省,宿州市,695
安徽省,蚌埠市,安徽省,宿州市,496
浙江省,衢州市,安徽省,宿州市,15
江苏省,连云港市,安徽省,宿州市,27
浙江省,金华市,安徽省,宿州市,77
安徽省,铜陵市,安徽省,宿州市,16
江苏省,镇江市,安徽省,宿州市,52
安徽省,阜阳市,安徽省,宿州市,171
安徽省,马鞍山市,安徽省,宿州市,66
安徽省,黄山市,安徽省,宿州市,24
上海市,上海市,江苏省,宿迁市,668
浙江省,丽水市,江苏省,宿迁市,4
安徽省,亳州市,江苏省,宿迁市,22
安徽省,六安市,江苏省,宿迁市,10
江苏省,南京市,江苏省,宿迁市,919
江苏省,南通市,江苏省,宿迁市,120
浙江省,台州市,江苏省,宿迁市,21
安徽省,合肥市,江苏省,宿迁市,45
浙江省,嘉兴市,江苏省,宿迁市,60
浙江省,宁波市,江苏省,宿迁市,88
安徽省,安庆市,江苏省,宿迁市,7
安徽省,宣城市,江苏省,宿迁市,13
安徽省,宿州市,江苏省,宿迁市,387
江苏省,常州市,江苏省,宿迁市,221
江苏省,徐州市,江苏省,宿迁市,1345
江苏省,扬州市,江苏省,宿迁市,178
江苏省,无锡市,江苏省,宿迁市,336
浙江省,杭州市,江苏省,宿迁市,162
安徽省,池州市,江苏省,宿迁市,3
江苏省,泰州市,江苏省,宿迁市,107
安徽省,淮北市,江苏省,宿迁市,19
安徽省,淮南市,江苏省,宿迁市,15
江苏省,淮安市,江苏省,宿迁市,921
浙江省,温州市,江苏省,宿迁市,131
浙江省,湖州市,江苏省,宿迁市,45
安徽省,滁州市,江苏省,宿迁市,100
江苏省,盐城市,江苏省,宿迁市,122
浙江省,绍兴市,江苏省,宿迁市,22
浙江省,舟山市,江苏省,宿迁市,6
安徽省,芜湖市,江苏省,宿迁市,21
江苏省,苏州市,江苏省,宿迁市,765
安徽省,蚌埠市,江苏省,宿迁市,137
浙江省,衢州市,江苏省,宿迁市,7
江苏省,连云港市,江苏省,宿迁市,1801
浙江省,金华市,江苏省,宿迁市,45
安徽省,铜陵市,江苏省,宿迁市,5
江苏省,镇江市,江苏省,宿迁市,83
安徽省,阜阳市,江苏省,宿迁市,25
安徽省,马鞍山市,江苏省,宿迁市,36
安徽省,黄山市,江苏省,宿迁市,4
上海市,上海市,江苏省,常州市,1430
浙江省,丽水市,江苏省,常州市,14
安徽省,亳州市,江苏省,常州市,171
安徽省,六安市,江苏省,常州市,134
江苏省,南京市,江苏省,常州市,1307
江苏省,南通市,江苏省,常州市,420
浙江省,台州市,江苏省,常州市,53
安徽省,合肥市,江苏省,常州市,286
浙江省,嘉兴市,江苏省,常州市,161
浙江省,宁波市,江苏省,常州市,164
安徽省,安庆市,江苏省,常州市,55
安徽省,宣城市,江苏省,常州市,341
安徽省,宿州市,江苏省,常州市,211
江苏省,宿迁市,江苏省,常州市,335
江苏省,徐州市,江苏省,常州市,424
江苏省,扬州市,江苏省,常州市,345
江苏省,无锡市,江苏省,常州市,5756
浙江省,杭州市,江苏省,常州市,332
安徽省,池州市,江苏省,常州市,64
江苏省,泰州市,江苏省,常州市,513
安徽省,淮北市,江苏省,常州市,61
安徽省,淮南市,江苏省,常州市,46
江苏省,淮安市,江苏省,常州市,288
浙江省,温州市,江苏省,常州市,87
浙江省,湖州市,江苏省,常州市,131
安徽省,滁州市,江苏省,常州市,153
江苏省,盐城市,江苏省,常州市,399
浙江省,绍兴市,江苏省,常州市,89
浙江省,舟山市,江苏省,常州市,19
安徽省,芜湖市,江苏省,常州市,106
江苏省,苏州市,江苏省,常州市,1739
安徽省,蚌埠市,江苏省,常州市,94
浙江省,衢州市,江苏省,常州市,23
江苏省,连云港市,江苏省,常州市,283
浙江省,金华市,江苏省,常州市,99
安徽省,铜陵市,江苏省,常州市,64
江苏省,镇江市,江苏省,常州市,3625
安徽省,阜阳市,江苏省,常州市,188
安徽省,马鞍山市,江苏省,常州市,81
安徽省,黄山市,江苏省,常州市,32
上海市,上海市,江苏省,徐州市,1224
浙江省,丽水市,江苏省,徐州市,9
安徽省,亳州市,江苏省,徐州市,109
安徽省,六安市,江苏省,徐州市,42
江苏省,南京市,江苏省,徐州市,1045
江苏省,南通市,江苏省,徐州市,270
浙江省,台州市,江苏省,徐州市,49
安徽省,合肥市,江苏省,徐州市,201
浙江省,嘉兴市,江苏省,徐州市,110
浙江省,宁波市,江苏省,徐州市,209
安徽省,安庆市,江苏省,徐州市,34
安徽省,宣城市,江苏省,徐州市,25
安徽省,宿州市,江苏省,徐州市,3754
江苏省,宿迁市,江苏省,徐州市,974
江苏省,常州市,江苏省,徐州市,305
江苏省,扬州市,江苏省,徐州市,217
江苏省,无锡市,江苏省,徐州市,442
浙江省,杭州市,江苏省,徐州市,258
安徽省,池州市,江苏省,徐州市,21
江苏省,泰州市,江苏省,徐州市,121
安徽省,淮北市,江苏省,徐州市,274
安徽省,淮南市,江苏省,徐州市,33
江苏省,淮安市,江苏省,徐州市,271
浙江省,温州市,江苏省,徐州市,69
浙江省,湖州市,江苏省,徐州市,80
安徽省,滁州市,江苏省,徐州市,115
江苏省,盐城市,江苏省,徐州市,170
浙江省,绍兴市,江苏省,徐州市,69
浙江省,舟山市,江苏省,徐州市,13
安徽省,芜湖市,江苏省,徐州市,52
江苏省,苏州市,江苏省,徐州市,1201
安徽省,蚌埠市,江苏省,徐州市,117
浙江省,衢州市,江苏省,徐州市,21
江苏省,连云港市,江苏省,徐州市,493
浙江省,金华市,江苏省,徐州市,63
安徽省,铜陵市,江苏省,徐州市,8
江苏省,镇江市,江苏省,徐州市,130
安徽省,阜阳市,江苏省,徐州市,105
安徽省,马鞍山市,江苏省,徐州市,41
安徽省,黄山市,江苏省,徐州市,10
上海市,上海市,江苏省,扬州市,881
浙江省,丽水市,江苏省,扬州市,3
安徽省,亳州市,江苏省,扬州市,32
安徽省,六安市,江苏省,扬州市,15
江苏省,南京市,江苏省,扬州市,1128
江苏省,南通市,江苏省,扬州市,231
浙江省,台州市,江苏省,扬州市,19
安徽省,合肥市,江苏省,扬州市,117
浙江省,嘉兴市,江苏省,扬州市,67
浙江省,宁波市,江苏省,扬州市,76
安徽省,安庆市,江苏省,扬州市,17
安徽省,宣城市,江苏省,扬州市,13
安徽省,宿州市,江苏省,扬州市,44
江苏省,宿迁市,江苏省,扬州市,151
江苏省,常州市,江苏省,扬州市,232
江苏省,徐州市,江苏省,扬州市,180
江苏省,无锡市,江苏省,扬州市,313
浙江省,杭州市,江苏省,扬州市,126
安徽省,池州市,江苏省,扬州市,17
江苏省,泰州市,江苏省,扬州市,1616
安徽省,淮北市,江苏省,扬州市,10
安徽省,淮南市,江苏省,扬州市,12
江苏省,淮安市,江苏省,扬州市,478
浙江省,温州市,江苏省,扬州市,23
浙江省,湖州市,江苏省,扬州市,37
安徽省,滁州市,江苏省,扬州市,510
江苏省,盐城市,江苏省,扬州市,276
浙江省,绍兴市,江苏省,扬州市,27
浙江省,舟山市,江苏省,扬州市,7
安徽省,芜湖市,江苏省,扬州市,35
江苏省,苏州市,江苏省,扬州市,585
安徽省,蚌埠市,江苏省,扬州市,62
浙江省,衢州市,江苏省,扬州市,7
江苏省,连云港市,江苏省,扬州市,127
浙江省,金华市,江苏省,扬州市,33
安徽省,铜陵市,江苏省,扬州市,11
江苏省,镇江市,江苏省,扬州市,917
安徽省,阜阳市,江苏省,扬州市,45
安徽省,马鞍山市,江苏省,扬州市,28
安徽省,黄山市,江苏省,扬州市,10
上海市,上海市,江苏省,无锡市,2477
浙江省,丽水市,江苏省,无锡市,18
安徽省,亳州市,江苏省,无锡市,178
安徽省,六安市,江苏省,无锡市,164
江苏省,南京市,江苏省,无锡市,965
江苏省,南通市,江苏省,无锡市,715
浙江省,台州市,江苏省,无锡市,96
安徽省,合肥市,江苏省,无锡市,317
浙江省,嘉兴市,江苏省,无锡市,233
浙江省,宁波市,江苏省,无锡市,204
安徽省,安庆市,江苏省,无锡市,41
安徽省,宣城市,江苏省,无锡市,126
安徽省,宿州市,江苏省,无锡市,203
江苏省,宿迁市,江苏省,无锡市,399
江苏省,常州市,江苏省,无锡市,4439
江苏省,徐州市,江苏省,无锡市,419
江苏省,扬州市,江苏省,无锡市,303
浙江省,杭州市,江苏省,无锡市,489
安徽省,池州市,江苏省,无锡市,50
江苏省,泰州市,江苏省,无锡市,962
安徽省,淮北市,江苏省,无锡市,47
安徽省,淮南市,江苏省,无锡市,59
江苏省,淮安市,江苏省,无锡市,282
浙江省,温州市,江苏省,无锡市,134
浙江省,湖州市,江苏省,无锡市,203
安徽省,滁州市,江苏省,无锡市,153
江苏省,盐城市,江苏省,无锡市,599
浙江省,绍兴市,江苏省,无锡市,133
浙江省,舟山市,江苏省,无锡市,29
安徽省,芜湖市,江苏省,无锡市,101
江苏省,苏州市,江苏省,无锡市,8285
安徽省,蚌埠市,江苏省,无锡市,99
浙江省,衢州市,江苏省,无锡市,26
江苏省,连云港市,江苏省,无锡市,185
浙江省,金华市,江苏省,无锡市,138
安徽省,铜陵市,江苏省,无锡市,120
江苏省,镇江市,江苏省,无锡市,345
安徽省,阜阳市,江苏省,无锡市,166
安徽省,马鞍山市,江苏省,无锡市,109
安徽省,黄山市,江苏省,无锡市,26
上海市,上海市,浙江省,杭州市,5188
浙江省,丽水市,浙江省,杭州市,395
安徽省,亳州市,浙江省,杭州市,295
安徽省,六安市,浙江省,杭州市,233
江苏省,南京市,浙江省,杭州市,814
江苏省,南通市,浙江省,杭州市,271
浙江省,台州市,浙江省,杭州市,983
安徽省,合肥市,浙江省,杭州市,486
浙江省,嘉兴市,浙江省,杭州市,6840
浙江省,宁波市,浙江省,杭州市,2170
安徽省,安庆市,浙江省,杭州市,216
安徽省,宣城市,浙江省,杭州市,274
安徽省,宿州市,浙江省,杭州市,291
江苏省,宿迁市,浙江省,杭州市,210
江苏省,常州市,浙江省,杭州市,265
江苏省,徐州市,浙江省,杭州市,225
江苏省,扬州市,浙江省,杭州市,133
江苏省,无锡市,浙江省,杭州市,478
安徽省,池州市,浙江省,杭州市,127
江苏省,泰州市,浙江省,杭州市,124
安徽省,淮北市,浙江省,杭州市,106
安徽省,淮南市,浙江省,杭州市,73
江苏省,淮安市,浙江省,杭州市,102
浙江省,温州市,浙江省,杭州市,1195
浙江省,湖州市,浙江省,杭州市,3394
安徽省,滁州市,浙江省,杭州市,141
江苏省,盐城市,浙江省,杭州市,160
浙江省,绍兴市,浙江省,杭州市,4970
浙江省,舟山市,浙江省,杭州市,206
安徽省,芜湖市,浙江省,杭州市,171
江苏省,苏州市,浙江省,杭州市,1430
安徽省,蚌埠市,浙江省,杭州市,163
浙江省,衢州市,浙江省,杭州市,845
江苏省,连云港市,浙江省,杭州市,101
浙江省,金华市,浙江省,杭州市,2162
安徽省,铜陵市,浙江省,杭州市,51
江苏省,镇江市,浙江省,杭州市,109
安徽省,阜阳市,浙江省,杭州市,510
安徽省,马鞍山市,浙江省,杭州市,86
安徽省,黄山市,浙江省,杭州市,344
上海市,上海市,安徽省,池州市,277
浙江省,丽水市,安徽省,池州市,4
安徽省,亳州市,安徽省,池州市,34
安徽省,六安市,安徽省,池州市,141
江苏省,南京市,安徽省,池州市,133
江苏省,南通市,安徽省,池州市,17
浙江省,台州市,安徽省,池州市,22
安徽省,合肥市,安徽省,池州市,528
浙江省,嘉兴市,安徽省,池州市,51
浙江省,宁波市,安徽省,池州市,58
安徽省,安庆市,安徽省,池州市,8038
安徽省,宣城市,安徽省,池州市,54
安徽省,宿州市,安徽省,池州市,29
江苏省,宿迁市,安徽省,池州市,2
江苏省,常州市,安徽省,池州市,46
江苏省,徐州市,安徽省,池州市,15
江苏省,扬州市,安徽省,池州市,16
江苏省,无锡市,安徽省,池州市,42
浙江省,杭州市,安徽省,池州市,141
江苏省,泰州市,安徽省,池州市,10
安徽省,淮北市,安徽省,池州市,9
安徽省,淮南市,安徽省,池州市,23
江苏省,淮安市,安徽省,池州市,3
浙江省,温州市,安徽省,池州市,23
浙江省,湖州市,安徽省,池州市,34
安徽省,滁州市,安徽省,池州市,27
江苏省,盐城市,安徽省,池州市,11
浙江省,绍兴市,安徽省,池州市,20
浙江省,舟山市,安徽省,池州市,6
安徽省,芜湖市,安徽省,池州市,143
江苏省,苏州市,安徽省,池州市,107
安徽省,蚌埠市,安徽省,池州市,40
浙江省,衢州市,安徽省,池州市,7
江苏省,连云港市,安徽省,池州市,6
浙江省,金华市,安徽省,池州市,22
安徽省,铜陵市,安徽省,池州市,437
江苏省,镇江市,安徽省,池州市,9
安徽省,阜阳市,安徽省,池州市,31
安徽省,马鞍山市,安徽省,池州市,52
安徽省,黄山市,安徽省,池州市,273
上海市,上海市,江苏省,泰州市,1111
浙江省,丽水市,江苏省,泰州市,3
安徽省,亳州市,江苏省,泰州市,35
安徽省,六安市,江苏省,泰州市,27
江苏省,南京市,江苏省,泰州市,716
江苏省,南通市,江苏省,泰州市,992
浙江省,台州市,江苏省,泰州市,32
安徽省,合肥市,江苏省,泰州市,84
浙江省,嘉兴市,江苏省,泰州市,93
浙江省,宁波市,江苏省,泰州市,89
安徽省,安庆市,江苏省,泰州市,28
安徽省,宣城市,江苏省,泰州市,21
安徽省,宿州市,江苏省,泰州市,56
江苏省,宿迁市,江苏省,泰州市,124
江苏省,常州市,江苏省,泰州市,444
江苏省,徐州市,江苏省,泰州市,140
江苏省,扬州市,江苏省,泰州市,1930
江苏省,无锡市,江苏省,泰州市,1279
浙江省,杭州市,江苏省,泰州市,156
安徽省,池州市,江苏省,泰州市,21
安徽省,淮北市,江苏省,泰州市,25
安徽省,淮南市,江苏省,泰州市,12
江苏省,淮安市,江苏省,泰州市,144
浙江省,温州市,江苏省,泰州市,105
浙江省,湖州市,江苏省,泰州市,63
安徽省,滁州市,江苏省,泰州市,37
江苏省,盐城市,江苏省,泰州市,1373
浙江省,绍兴市,江苏省,泰州市,43
浙江省,舟山市,江苏省,泰州市,24
安徽省,芜湖市,江苏省,泰州市,49
江苏省,苏州市,江苏省,泰州市,1137
安徽省,蚌埠市,江苏省,泰州市,35
浙江省,衢州市,江苏省,泰州市,8
江苏省,连云港市,江苏省,泰州市,103
浙江省,金华市,江苏省,泰州市,47
安徽省,铜陵市,江苏省,泰州市,11
江苏省,镇江市,江苏省,泰州市,302
安徽省,阜阳市,江苏省,泰州市,30
安徽省,马鞍山市,江苏省,泰州市,45
安徽省,黄山市,江苏省,泰州市,4
上海市,上海市,安徽省,淮北市,301
浙江省,丽水市,安徽省,淮北市,2
安徽省,亳州市,安徽省,淮北市,1238
安徽省,六安市,安徽省,淮北市,43
江苏省,南京市,安徽省,淮北市,156
江苏省,南通市,安徽省,淮北市,43
浙江省,台州市,安徽省,淮北市,19
安徽省,合肥市,安徽省,淮北市,357
浙江省,嘉兴市,安徽省,淮北市,38
浙江省,宁波市,安徽省,淮北市,63
安徽省,安庆市,安徽省,淮北市,24
安徽省,宣城市,安徽省,淮北市,16
安徽省,宿州市,安徽省,淮北市,1757
江苏省,宿迁市,安徽省,淮北市,16
江苏省,常州市,安徽省,淮北市,33
江苏省,徐州市,安徽省,淮北市,342
江苏省,扬州市,安徽省,淮北市,15
江苏省,无锡市,安徽省,淮北市,44
浙江省,杭州市,安徽省,淮北市,130
安徽省,池州市,安徽省,淮北市,13
江苏省,泰州市,安徽省,淮北市,29
安徽省,淮南市,安徽省,淮北市,48
江苏省,淮安市,安徽省,淮北市,16
浙江省,温州市,安徽省,淮北市,31
浙江省,湖州市,安徽省,淮北市,26
安徽省,滁州市,安徽省,淮北市,45
江苏省,盐城市,安徽省,淮北市,14
浙江省,绍兴市,安徽省,淮北市,16
浙江省,舟山市,安徽省,淮北市,2
安徽省,芜湖市,安徽省,淮北市,34
江苏省,苏州市,安徽省,淮北市,161
安徽省,蚌埠市,安徽省,淮北市,108
浙江省,衢州市,安徽省,淮北市,2
江苏省,连云港市,安徽省,淮北市,13
浙江省,金华市,安徽省,淮北市,22
安徽省,铜陵市,安徽省,淮北市,5
江苏省,镇江市,安徽省,淮北市,13
安徽省,阜阳市,安徽省,淮北市,167
安徽省,马鞍山市,安徽省,淮北市,36
安徽省,黄山市,安徽省,淮北市,9
上海市,上海市,安徽省,淮南市,785
浙江省,丽水市,安徽省,淮南市,1
安徽省,亳州市,安徽省,淮南市,520
安徽省,六安市,安徽省,淮南市,380
江苏省,南京市,安徽省,淮南市,130
江苏省,南通市,安徽省,淮南市,32
浙江省,台州市,安徽省,淮南市,17
安徽省,合肥市,安徽省,淮南市,1722
浙江省,嘉兴市,安徽省,淮南市,41
浙江省,宁波市,安徽省,淮南市,80
安徽省,安庆市,安徽省,淮南市,39
安徽省,宣城市,安徽省,淮南市,19
安徽省,宿州市,安徽省,淮南市,84
江苏省,宿迁市,安徽省,淮南市,12
江苏省,常州市,安徽省,淮南市,38
江苏省,徐州市,安徽省,淮南市,38
江苏省,扬州市,安徽省,淮南市,18
江苏省,无锡市,安徽省,淮南市,60
浙江省,杭州市,安徽省,淮南市,86
安徽省,池州市,安徽省,淮南市,31
江苏省,泰州市,安徽省,淮南市,20
安徽省,淮北市,安徽省,淮南市,68
江苏省,淮安市,安徽省,淮南市,10
浙江省,温州市,安徽省,淮南市,24
浙江省,湖州市,安徽省,淮南市,32
安徽省,滁州市,安徽省,淮南市,162
江苏省,盐城市,安徽省,淮南市,11
浙江省,绍兴市,安徽省,淮南市,30
浙江省,舟山市,安徽省,淮南市,3
安徽省,芜湖市,安徽省,淮南市,73
江苏省,苏州市,安徽省,淮南市,198
安徽省,蚌埠市,安徽省,淮南市,322
浙江省,衢州市,安徽省,淮南市,3
江苏省,连云港市,安徽省,淮南市,7
浙江省,金华市,安徽省,淮南市,40
安徽省,铜陵市,安徽省,淮南市,21
江苏省,镇江市,安徽省,淮南市,18
安徽省,阜阳市,安徽省,淮南市,1206
安徽省,马鞍山市,安徽省,淮南市,35
安徽省,黄山市,安徽省,淮南市,23
上海市,上海市,江苏省,淮安市,691
浙江省,丽水市,江苏省,淮安市,1
安徽省,亳州市,江苏省,淮安市,18
安徽省,六安市,江苏省,淮安市,26
江苏省,南京市,江苏省,淮安市,1195
江苏省,南通市,江苏省,淮安市,154
浙江省,台州市,江苏省,淮安市,27
安徽省,合肥市,江苏省,淮安市,51
浙江省,嘉兴市,江苏省,淮安市,48
浙江省,宁波市,江苏省,淮安市,33
安徽省,安庆市,江苏省,淮安市,52
安徽省,宣城市,江苏省,淮安市,13
安徽省,宿州市,江苏省,淮安市,52
江苏省,宿迁市,江苏省,淮安市,872
江苏省,常州市,江苏省,淮安市,199
江苏省,徐州市,江苏省,淮安市,246
江苏省,扬州市,江苏省,淮安市,481
江苏省,无锡市,江苏省,淮安市,317
浙江省,杭州市,江苏省,淮安市,121
安徽省,池州市,江苏省,淮安市,7
江苏省,泰州市,江苏省,淮安市,116
安徽省,淮北市,江苏省,淮安市,14
安徽省,淮南市,江苏省,淮安市,9
浙江省,温州市,江苏省,淮安市,15
浙江省,湖州市,江苏省,淮安市,28
安徽省,滁州市,江苏省,淮安市,449
江苏省,盐城市,江苏省,淮安市,410
浙江省,绍兴市,江苏省,淮安市,21
浙江省,舟山市,江苏省,淮安市,5
安徽省,芜湖市,江苏省,淮安市,31
江苏省,苏州市,江苏省,淮安市,752
安徽省,蚌埠市,江苏省,淮安市,42
浙江省,衢州市,江苏省,淮安市,4
江苏省,连云港市,江苏省,淮安市,507
浙江省,金华市,江苏省,淮安市,26
安徽省,铜陵市,江苏省,淮安市,7
江苏省,镇江市,江苏省,淮安市,170
安徽省,阜阳市,江苏省,淮安市,30
安徽省,马鞍山市,江苏省,淮安市,25
安徽省,黄山市,江苏省,淮安市,7
上海市,上海市,浙江省,温州市,767
浙江省,丽水市,浙江省,温州市,1390
安徽省,亳州市,浙江省,温州市,157
安徽省,六安市,浙江省,温州市,38
江苏省,南京市,浙江省,温州市,138
江苏省,南通市,浙江省,温州市,92
浙江省,台州市,浙江省,温州市,1297
安徽省,合肥市,浙江省,温州市,110
浙江省,嘉兴市,浙江省,温州市,249
浙江省,宁波市,浙江省,温州市,649
安徽省,安庆市,浙江省,温州市,80
安徽省,宣城市,浙江省,温州市,34
安徽省,宿州市,浙江省,温州市,163
江苏省,宿迁市,浙江省,温州市,77
江苏省,常州市,浙江省,温州市,71
江苏省,徐州市,浙江省,温州市,76
江苏省,扬州市,浙江省,温州市,26
江苏省,无锡市,浙江省,温州市,111
浙江省,杭州市,浙江省,温州市,1214
安徽省,池州市,浙江省,温州市,30
江苏省,泰州市,浙江省,温州市,69
安徽省,淮北市,浙江省,温州市,29
安徽省,淮南市,浙江省,温州市,21
江苏省,淮安市,浙江省,温州市,33
浙江省,湖州市,浙江省,温州市,135
安徽省,滁州市,浙江省,温州市,48
江苏省,盐城市,浙江省,温州市,56
浙江省,绍兴市,浙江省,温州市,234
浙江省,舟山市,浙江省,温州市,49
安徽省,芜湖市,浙江省,温州市,40
江苏省,苏州市,浙江省,温州市,324
安徽省,蚌埠市,浙江省,温州市,84
浙江省,衢州市,浙江省,温州市,135
江苏省,连云港市,浙江省,温州市,25
浙江省,金华市,浙江省,温州市,604
安徽省,铜陵市,浙江省,温州市,3
江苏省,镇江市,浙江省,温州市,29
安徽省,阜阳市,浙江省,温州市,357
安徽省,马鞍山市,浙江省,温州市,15
安徽省,黄山市,浙江省,温州市,18
上海市,上海市,浙江省,湖州市,1100
浙江省,丽水市,浙江省,湖州市,34
安徽省,亳州市,浙江省,湖州市,151
安徽省,六安市,浙江省,湖州市,79
江苏省,南京市,浙江省,湖州市,169
江苏省,南通市,浙江省,湖州市,126
浙江省,台州市,浙江省,湖州市,147
安徽省,合肥市,浙江省,湖州市,227
浙江省,嘉兴市,浙江省,湖州市,1184
浙江省,宁波市,浙江省,湖州市,404
安徽省,安庆市,浙江省,湖州市,373
安徽省,宣城市,浙江省,湖州市,403
安徽省,宿州市,浙江省,湖州市,180
江苏省,宿迁市,浙江省,湖州市,58
江苏省,常州市,浙江省,湖州市,151
江苏省,徐州市,浙江省,湖州市,119
江苏省,扬州市,浙江省,湖州市,57
江苏省,无锡市,浙江省,湖州市,282
浙江省,杭州市,浙江省,湖州市,4561
安徽省,池州市,浙江省,湖州市,47
江苏省,泰州市,浙江省,湖州市,59
安徽省,淮北市,浙江省,湖州市,53
安徽省,淮南市,浙江省,湖州市,31
江苏省,淮安市,浙江省,湖州市,64
浙江省,温州市,浙江省,湖州市,163
安徽省,滁州市,浙江省,湖州市,77
江苏省,盐城市,浙江省,湖州市,93
浙江省,绍兴市,浙江省,湖州市,313
浙江省,舟山市,浙江省,湖州市,44
安徽省,芜湖市,浙江省,湖州市,90
江苏省,苏州市,浙江省,湖州市,1496
安徽省,蚌埠市,浙江省,湖州市,73
浙江省,衢州市,浙江省,湖州市,78
江苏省,连云港市,浙江省,湖州市,61
浙江省,金华市,浙江省,湖州市,274
安徽省,铜陵市,浙江省,湖州市,30
江苏省,镇江市,浙江省,湖州市,54
安徽省,阜阳市,浙江省,湖州市,214
安徽省,马鞍山市,浙江省,湖州市,30
安徽省,黄山市,浙江省,湖州市,81
上海市,上海市,安徽省,滁州市,691
浙江省,丽水市,安徽省,滁州市,2
安徽省,亳州市,安徽省,滁州市,126
安徽省,六安市,安徽省,滁州市,96
江苏省,南京市,安徽省,滁州市,2362
江苏省,南通市,安徽省,滁州市,76
浙江省,台州市,安徽省,滁州市,45
安徽省,合肥市,安徽省,滁州市,1151
浙江省,嘉兴市,安徽省,滁州市,59
浙江省,宁波市,安徽省,滁州市,154
安徽省,安庆市,安徽省,滁州市,59
安徽省,宣城市,安徽省,滁州市,57
安徽省,宿州市,安徽省,滁州市,201
江苏省,宿迁市,安徽省,滁州市,194
江苏省,常州市,安徽省,滁州市,138
江苏省,徐州市,安徽省,滁州市,175
江苏省,扬州市,安徽省,滁州市,386
江苏省,无锡市,安徽省,滁州市,202
浙江省,杭州市,安徽省,滁州市,166
安徽省,池州市,安徽省,滁州市,45
江苏省,泰州市,安徽省,滁州市,54
安徽省,淮北市,安徽省,滁州市,79
安徽省,淮南市,安徽省,滁州市,201
江苏省,淮安市,安徽省,滁州市,411
浙江省,温州市,安徽省,滁州市,41
浙江省,湖州市,安徽省,滁州市,73
江苏省,盐城市,安徽省,滁州市,64
浙江省,绍兴市,安徽省,滁州市,31
浙江省,舟山市,安徽省,滁州市,1
安徽省,芜湖市,安徽省,滁州市,116
江苏省,苏州市,安徽省,滁州市,595
安徽省,蚌埠市,安徽省,滁州市,1439
浙江省,衢州市,安徽省,滁州市,10
江苏省,连云港市,安徽省,滁州市,69
浙江省,金华市,安徽省,滁州市,57
安徽省,铜陵市,安徽省,滁州市,24
江苏省,镇江市,安徽省,滁州市,128
安徽省,阜阳市,安徽省,滁州市,134
安徽省,马鞍山市,安徽省,滁州市,415
安徽省,黄山市,安徽省,滁州市,16
上海市,上海市,江苏省,盐城市,1819
浙江省,丽水市,江苏省,盐城市,6
安徽省,亳州市,江苏省,盐城市,19
安徽省,六安市,江苏省,盐城市,13
江苏省,南京市,江苏省,盐城市,733
江苏省,南通市,江苏省,盐城市,914
浙江省,台州市,江苏省,盐城市,54
安徽省,合肥市,江苏省,盐城市,85
浙江省,嘉兴市,江苏省,盐城市,95
浙江省,宁波市,江苏省,盐城市,115
安徽省,安庆市,江苏省,盐城市,8
安徽省,宣城市,江苏省,盐城市,19
安徽省,宿州市,江苏省,盐城市,43
江苏省,宿迁市,江苏省,盐城市,163
江苏省,常州市,江苏省,盐城市,270
江苏省,徐州市,江苏省,盐城市,197
江苏省,扬州市,江苏省,盐城市,270
江苏省,无锡市,江苏省,盐城市,718
浙江省,杭州市,江苏省,盐城市,198
安徽省,池州市,江苏省,盐城市,13
江苏省,泰州市,江苏省,盐城市,982
安徽省,淮北市,江苏省,盐城市,17
安徽省,淮南市,江苏省,盐城市,12
江苏省,淮安市,江苏省,盐城市,393
浙江省,温州市,江苏省,盐城市,52
浙江省,湖州市,江苏省,盐城市,73
安徽省,滁州市,江苏省,盐城市,41
浙江省,绍兴市,江苏省,盐城市,45
浙江省,舟山市,江苏省,盐城市,17
安徽省,芜湖市,江苏省,盐城市,35
江苏省,苏州市,江苏省,盐城市,1563
安徽省,蚌埠市,江苏省,盐城市,32
浙江省,衢州市,江苏省,盐城市,7
江苏省,连云港市,江苏省,盐城市,1132
浙江省,金华市,江苏省,盐城市,44
安徽省,铜陵市,江苏省,盐城市,8
江苏省,镇江市,江苏省,盐城市,150
安徽省,阜阳市,江苏省,盐城市,39
安徽省,马鞍山市,江苏省,盐城市,19
安徽省,黄山市,江苏省,盐城市,3
上海市,上海市,浙江省,绍兴市,869
浙江省,丽水市,浙江省,绍兴市,48
安徽省,亳州市,浙江省,绍兴市,70
安徽省,六安市,浙江省,绍兴市,26
江苏省,南京市,浙江省,绍兴市,104
江苏省,南通市,浙江省,绍兴市,61
浙江省,台州市,浙江省,绍兴市,228
安徽省,合肥市,浙江省,绍兴市,86
浙江省,嘉兴市,浙江省,绍兴市,448
浙江省,宁波市,浙江省,绍兴市,1274
安徽省,安庆市,浙江省,绍兴市,22
安徽省,宣城市,浙江省,绍兴市,17
安徽省,宿州市,浙江省,绍兴市,55
江苏省,宿迁市,浙江省,绍兴市,21
江苏省,常州市,浙江省,绍兴市,51
江苏省,徐州市,浙江省,绍兴市,42
江苏省,扬州市,浙江省,绍兴市,24
江苏省,无锡市,浙江省,绍兴市,105
浙江省,杭州市,浙江省,绍兴市,4758
安徽省,池州市,浙江省,绍兴市,18
江苏省,泰州市,浙江省,绍兴市,26
安徽省,淮北市,浙江省,绍兴市,25
安徽省,淮南市,浙江省,绍兴市,16
江苏省,淮安市,浙江省,绍兴市,17
浙江省,温州市,浙江省,绍兴市,197
浙江省,湖州市,浙江省,绍兴市,190
安徽省,滁州市,浙江省,绍兴市,24
江苏省,盐城市,浙江省,绍兴市,31
浙江省,舟山市,浙江省,绍兴市,31
安徽省,芜湖市,浙江省,绍兴市,22
江苏省,苏州市,浙江省,绍兴市,300
安徽省,蚌埠市,浙江省,绍兴市,41
浙江省,衢州市,浙江省,绍兴市,84
江苏省,连云港市,浙江省,绍兴市,21
浙江省,金华市,浙江省,绍兴市,660
安徽省,铜陵市,浙江省,绍兴市,9
江苏省,镇江市,浙江省,绍兴市,22
安徽省,阜阳市,浙江省,绍兴市,156
安徽省,马鞍山市,浙江省,绍兴市,9
安徽省,黄山市,浙江省,绍兴市,17
上海市,上海市,浙江省,舟山市,1593
浙江省,丽水市,浙江省,舟山市,2
安徽省,亳州市,浙江省,舟山市,27
安徽省,六安市,浙江省,舟山市,7
江苏省,南京市,浙江省,舟山市,47
江苏省,南通市,浙江省,舟山市,56
浙江省,台州市,浙江省,舟山市,77
安徽省,合肥市,浙江省,舟山市,35
浙江省,嘉兴市,浙江省,舟山市,81
浙江省,宁波市,浙江省,舟山市,533
安徽省,安庆市,浙江省,舟山市,15
安徽省,宣城市,浙江省,舟山市,8
安徽省,宿州市,浙江省,舟山市,14
江苏省,宿迁市,浙江省,舟山市,6
江苏省,常州市,浙江省,舟山市,23
江苏省,徐州市,浙江省,舟山市,22
江苏省,扬州市,浙江省,舟山市,15
江苏省,无锡市,浙江省,舟山市,38
浙江省,杭州市,浙江省,舟山市,213
安徽省,池州市,浙江省,舟山市,7
江苏省,泰州市,浙江省,舟山市,31
安徽省,淮北市,浙江省,舟山市,7
安徽省,淮南市,浙江省,舟山市,10
江苏省,淮安市,浙江省,舟山市,9
浙江省,温州市,浙江省,舟山市,74
浙江省,湖州市,浙江省,舟山市,31
安徽省,滁州市,浙江省,舟山市,2
江苏省,盐城市,浙江省,舟山市,19
浙江省,绍兴市,浙江省,舟山市,36
安徽省,芜湖市,浙江省,舟山市,12
江苏省,苏州市,浙江省,舟山市,123
安徽省,蚌埠市,浙江省,舟山市,21
浙江省,衢州市,浙江省,舟山市,12
江苏省,连云港市,浙江省,舟山市,24
浙江省,金华市,浙江省,舟山市,37
安徽省,铜陵市,浙江省,舟山市,1
江苏省,镇江市,浙江省,舟山市,11
安徽省,阜阳市,浙江省,舟山市,75
安徽省,马鞍山市,浙江省,舟山市,2
安徽省,黄山市,浙江省,舟山市,5
上海市,上海市,安徽省,芜湖市,859
浙江省,丽水市,安徽省,芜湖市,5
安徽省,亳州市,安徽省,芜湖市,101
安徽省,六安市,安徽省,芜湖市,115
江苏省,南京市,安徽省,芜湖市,469
江苏省,南通市,安徽省,芜湖市,62
浙江省,台州市,安徽省,芜湖市,38
安徽省,合肥市,安徽省,芜湖市,1644
浙江省,嘉兴市,安徽省,芜湖市,67
浙江省,宁波市,安徽省,芜湖市,79
安徽省,安庆市,安徽省,芜湖市,151
安徽省,宣城市,安徽省,芜湖市,1040
安徽省,宿州市,安徽省,芜湖市,102
江苏省,宿迁市,安徽省,芜湖市,23
江苏省,常州市,安徽省,芜湖市,81
江苏省,徐州市,安徽省,芜湖市,49
江苏省,扬州市,安徽省,芜湖市,54
江苏省,无锡市,安徽省,芜湖市,129
浙江省,杭州市,安徽省,芜湖市,206
安徽省,池州市,安徽省,芜湖市,149
江苏省,泰州市,安徽省,芜湖市,36
安徽省,淮北市,安徽省,芜湖市,38
安徽省,淮南市,安徽省,芜湖市,77
江苏省,淮安市,安徽省,芜湖市,28
浙江省,温州市,安徽省,芜湖市,33
浙江省,湖州市,安徽省,芜湖市,47
安徽省,滁州市,安徽省,芜湖市,120
江苏省,盐城市,安徽省,芜湖市,44
浙江省,绍兴市,安徽省,芜湖市,32
浙江省,舟山市,安徽省,芜湖市,7
江苏省,苏州市,安徽省,芜湖市,292
安徽省,蚌埠市,安徽省,芜湖市,84
浙江省,衢州市,安徽省,芜湖市,10
江苏省,连云港市,安徽省,芜湖市,16
浙江省,金华市,安徽省,芜湖市,30
安徽省,铜陵市,安徽省,芜湖市,361
江苏省,镇江市,安徽省,芜湖市,46
安徽省,阜阳市,安徽省,芜湖市,154
安徽省,马鞍山市,安徽省,芜湖市,2342
安徽省,黄山市,安徽省,芜湖市,100
上海市,上海市,江苏省,苏州市,22313
浙江省,丽水市,江苏省,苏州市,34
安徽省,亳州市,江苏省,苏州市,372
安徽省,六安市,江苏省,苏州市,457
江苏省,南京市,江苏省,苏州市,1637
江苏省,南通市,江苏省,苏州市,1831
浙江省,台州市,江苏省,苏州市,215
安徽省,合肥市,江苏省,苏州市,661
浙江省,嘉兴市,江苏省,苏州市,1993
浙江省,宁波市,江苏省,苏州市,716
安徽省,安庆市,江苏省,苏州市,199
安徽省,宣城市,江苏省,苏州市,181
安徽省,宿州市,江苏省,苏州市,552
江苏省,宿迁市,江苏省,苏州市,630
江苏省,常州市,江苏省,苏州市,1154
江苏省,徐州市,江苏省,苏州市,861
江苏省,扬州市,江苏省,苏州市,512
江苏省,无锡市,江苏省,苏州市,7796
浙江省,杭州市,江苏省,苏州市,1319
安徽省,池州市,江苏省,苏州市,91
江苏省,泰州市,江苏省,苏州市,794
安徽省,淮北市,江苏省,苏州市,138
安徽省,淮南市,江苏省,苏州市,140
江苏省,淮安市,江苏省,苏州市,596
浙江省,温州市,江苏省,苏州市,288
浙江省,湖州市,江苏省,苏州市,1338
安徽省,滁州市,江苏省,苏州市,535
江苏省,盐城市,江苏省,苏州市,1155
浙江省,绍兴市,江苏省,苏州市,318
浙江省,舟山市,江苏省,苏州市,85
安徽省,芜湖市,江苏省,苏州市,221
安徽省,蚌埠市,江苏省,苏州市,218
浙江省,衢州市,江苏省,苏州市,73
江苏省,连云港市,江苏省,苏州市,486
浙江省,金华市,江苏省,苏州市,306
安徽省,铜陵市,江苏省,苏州市,102
江苏省,镇江市,江苏省,苏州市,446
安徽省,阜阳市,江苏省,苏州市,376
安徽省,马鞍山市,江苏省,苏州市,148
安徽省,黄山市,江苏省,苏州市,58
上海市,上海市,安徽省,蚌埠市,861
浙江省,丽水市,安徽省,蚌埠市,8
安徽省,亳州市,安徽省,蚌埠市,938
安徽省,六安市,安徽省,蚌埠市,126
江苏省,南京市,安徽省,蚌埠市,509
江苏省,南通市,安徽省,蚌埠市,67
浙江省,台州市,安徽省,蚌埠市,122
安徽省,合肥市,安徽省,蚌埠市,1053
浙江省,嘉兴市,安徽省,蚌埠市,105
浙江省,宁波市,安徽省,蚌埠市,161
安徽省,安庆市,安徽省,蚌埠市,79
安徽省,宣城市,安徽省,蚌埠市,56
安徽省,宿州市,安徽省,蚌埠市,1010
江苏省,宿迁市,安徽省,蚌埠市,166
江苏省,常州市,安徽省,蚌埠市,125
江苏省,徐州市,安徽省,蚌埠市,178
江苏省,扬州市,安徽省,蚌埠市,86
江苏省,无锡市,安徽省,蚌埠市,140
浙江省,杭州市,安徽省,蚌埠市,275
安徽省,池州市,安徽省,蚌埠市,53
江苏省,泰州市,安徽省,蚌埠市,38
安徽省,淮北市,安徽省,蚌埠市,196
安徽省,淮南市,安徽省,蚌埠市,326
江苏省,淮安市,安徽省,蚌埠市,43
浙江省,温州市,安徽省,蚌埠市,85
浙江省,湖州市,安徽省,蚌埠市,101
安徽省,滁州市,安徽省,蚌埠市,1763
江苏省,盐城市,安徽省,蚌埠市,33
浙江省,绍兴市,安徽省,蚌埠市,58
浙江省,舟山市,安徽省,蚌埠市,14
安徽省,芜湖市,安徽省,蚌埠市,124
江苏省,苏州市,安徽省,蚌埠市,341
浙江省,衢州市,安徽省,蚌埠市,12
江苏省,连云港市,安徽省,蚌埠市,24
浙江省,金华市,安徽省,蚌埠市,89
安徽省,铜陵市,安徽省,蚌埠市,55
江苏省,镇江市,安徽省,蚌埠市,66
安徽省,阜阳市,安徽省,蚌埠市,247
安徽省,马鞍山市,安徽省,蚌埠市,85
安徽省,黄山市,安徽省,蚌埠市,36
上海市,上海市,浙江省,衢州市,150
浙江省,丽水市,浙江省,衢州市,151
安徽省,亳州市,浙江省,衢州市,8
安徽省,六安市,浙江省,衢州市,4
江苏省,南京市,浙江省,衢州市,42
江苏省,南通市,浙江省,衢州市,16
浙江省,台州市,浙江省,衢州市,57
安徽省,合肥市,浙江省,衢州市,16
浙江省,嘉兴市,浙江省,衢州市,74
浙江省,宁波市,浙江省,衢州市,164
安徽省,安庆市,浙江省,衢州市,6
安徽省,宣城市,浙江省,衢州市,8
安徽省,宿州市,浙江省,衢州市,7
江苏省,宿迁市,浙江省,衢州市,4
江苏省,常州市,浙江省,衢州市,18
江苏省,徐州市,浙江省,衢州市,8
江苏省,扬州市,浙江省,衢州市,6
江苏省,无锡市,浙江省,衢州市,27
浙江省,杭州市,浙江省,衢州市,888
安徽省,池州市,浙江省,衢州市,2
江苏省,泰州市,浙江省,衢州市,3
安徽省,淮北市,浙江省,衢州市,8
安徽省,淮南市,浙江省,衢州市,7
江苏省,淮安市,浙江省,衢州市,9
浙江省,温州市,浙江省,衢州市,96
浙江省,湖州市,浙江省,衢州市,36
安徽省,滁州市,浙江省,衢州市,10
江苏省,盐城市,浙江省,衢州市,8
浙江省,绍兴市,浙江省,衢州市,69
浙江省,舟山市,浙江省,衢州市,6
安徽省,芜湖市,浙江省,衢州市,4
江苏省,苏州市,浙江省,衢州市,98
安徽省,蚌埠市,浙江省,衢州市,6
江苏省,连云港市,浙江省,衢州市,2
浙江省,金华市,浙江省,衢州市,573
安徽省,铜陵市,浙江省,衢州市,1
江苏省,镇江市,浙江省,衢州市,11
安徽省,阜阳市,浙江省,衢州市,10
安徽省,马鞍山市,浙江省,衢州市,3
安徽省,黄山市,浙江省,衢州市,40
上海市,上海市,江苏省,连云港市,526
浙江省,丽水市,江苏省,连云港市,4
安徽省,亳州市,江苏省,连云港市,15
安徽省,六安市,江苏省,连云港市,9
江苏省,南京市,江苏省,连云港市,550
江苏省,南通市,江苏省,连云港市,232
浙江省,台州市,江苏省,连云港市,39
安徽省,合肥市,江苏省,连云港市,45
浙江省,嘉兴市,江苏省,连云港市,46
浙江省,宁波市,江苏省,连云港市,176
安徽省,安庆市,江苏省,连云港市,10
安徽省,宣城市,江苏省,连云港市,16
安徽省,宿州市,江苏省,连云港市,38
江苏省,宿迁市,江苏省,连云港市,1471
江苏省,常州市,江苏省,连云港市,202
江苏省,徐州市,江苏省,连云港市,492
江苏省,扬州市,江苏省,连云港市,168
江苏省,无锡市,江苏省,连云港市,276
浙江省,杭州市,江苏省,连云港市,131
安徽省,池州市,江苏省,连云港市,13
江苏省,泰州市,江苏省,连云港市,99
安徽省,淮北市,江苏省,连云港市,13
安徽省,淮南市,江苏省,连云港市,9
江苏省,淮安市,江苏省,连云港市,524
浙江省,温州市,江苏省,连云港市,32
浙江省,湖州市,江苏省,连云港市,33
安徽省,滁州市,江苏省,连云港市,50
江苏省,盐城市,江苏省,连云港市,635
浙江省,绍兴市,江苏省,连云港市,33
浙江省,舟山市,江苏省,连云港市,17
安徽省,芜湖市,江苏省,连云港市,14
江苏省,苏州市,江苏省,连云港市,815
安徽省,蚌埠市,江苏省,连云港市,22
浙江省,衢州市,江苏省,连云港市,3
浙江省,金华市,江苏省,连云港市,27
安徽省,铜陵市,江苏省,连云港市,4
江苏省,镇江市,江苏省,连云港市,65
安徽省,阜阳市,江苏省,连云港市,27
安徽省,马鞍山市,江苏省,连云港市,13
安徽省,黄山市,江苏省,连云港市,3
上海市,上海市,浙江省,金华市,794
浙江省,丽水市,浙江省,金华市,598
安徽省,亳州市,浙江省,金华市,103
安徽省,六安市,浙江省,金华市,38
江苏省,南京市,浙江省,金华市,109
江苏省,南通市,浙江省,金华市,69
浙江省,台州市,浙江省,金华市,427
安徽省,合肥市,浙江省,金华市,137
浙江省,嘉兴市,浙江省,金华市,284
浙江省,宁波市,浙江省,金华市,1979
安徽省,安庆市,浙江省,金华市,45
安徽省,宣城市,浙江省,金华市,31
安徽省,宿州市,浙江省,金华市,80
江苏省,宿迁市,浙江省,金华市,31
江苏省,常州市,浙江省,金华市,68
江苏省,徐州市,浙江省,金华市,53
江苏省,扬州市,浙江省,金华市,34
江苏省,无锡市,浙江省,金华市,124
浙江省,杭州市,浙江省,金华市,2083
安徽省,池州市,浙江省,金华市,33
江苏省,泰州市,浙江省,金华市,36
安徽省,淮北市,浙江省,金华市,23
安徽省,淮南市,浙江省,金华市,23
江苏省,淮安市,浙江省,金华市,42
浙江省,温州市,浙江省,金华市,515
浙江省,湖州市,浙江省,金华市,169
安徽省,滁州市,浙江省,金华市,56
江苏省,盐城市,浙江省,金华市,37
浙江省,绍兴市,浙江省,金华市,867
浙江省,舟山市,浙江省,金华市,25
安徽省,芜湖市,浙江省,金华市,36
江苏省,苏州市,浙江省,金华市,343
安徽省,蚌埠市,浙江省,金华市,76
浙江省,衢州市,浙江省,金华市,567
江苏省,连云港市,浙江省,金华市,21
安徽省,铜陵市,浙江省,金华市,13
江苏省,镇江市,浙江省,金华市,36
安徽省,阜阳市,浙江省,金华市,122
安徽省,马鞍山市,浙江省,金华市,21
安徽省,黄山市,浙江省,金华市,46
上海市,上海市,安徽省,铜陵市,193
浙江省,丽水市,安徽省,铜陵市,1
安徽省,亳州市,安徽省,铜陵市,25
安徽省,六安市,安徽省,铜陵市,44
江苏省,南京市,安徽省,铜陵市,117
江苏省,南通市,安徽省,铜陵市,27
浙江省,台州市,安徽省,铜陵市,9
安徽省,合肥市,安徽省,铜陵市,430
浙江省,嘉兴市,安徽省,铜陵市,15
浙江省,宁波市,安徽省,铜陵市,16
安徽省,安庆市,安徽省,铜陵市,433
安徽省,宣城市,安徽省,铜陵市,53
安徽省,宿州市,安徽省,铜陵市,18
江苏省,宿迁市,安徽省,铜陵市,8
江苏省,常州市,安徽省,铜陵市,56
江苏省,徐州市,安徽省,铜陵市,13
江苏省,扬州市,安徽省,铜陵市,20
江苏省,无锡市,安徽省,铜陵市,62
浙江省,杭州市,安徽省,铜陵市,64
安徽省,池州市,安徽省,铜陵市,535
江苏省,泰州市,安徽省,铜陵市,15
安徽省,淮北市,安徽省,铜陵市,5
安徽省,淮南市,安徽省,铜陵市,20
江苏省,淮安市,安徽省,铜陵市,6
浙江省,温州市,安徽省,铜陵市,12
浙江省,湖州市,安徽省,铜陵市,14
安徽省,滁州市,安徽省,铜陵市,16
江苏省,盐城市,安徽省,铜陵市,11
浙江省,绍兴市,安徽省,铜陵市,14
浙江省,舟山市,安徽省,铜陵市,2
安徽省,芜湖市,安徽省,铜陵市,319
江苏省,苏州市,安徽省,铜陵市,156
安徽省,蚌埠市,安徽省,铜陵市,31
浙江省,衢州市,安徽省,铜陵市,6
江苏省,连云港市,安徽省,铜陵市,7
浙江省,金华市,安徽省,铜陵市,12
江苏省,镇江市,安徽省,铜陵市,15
安徽省,阜阳市,安徽省,铜陵市,35
安徽省,马鞍山市,安徽省,铜陵市,80
安徽省,黄山市,安徽省,铜陵市,42
上海市,上海市,江苏省,镇江市,745
浙江省,丽水市,江苏省,镇江市,8
安徽省,亳州市,江苏省,镇江市,77
安徽省,六安市,江苏省,镇江市,72
江苏省,南京市,江苏省,镇江市,2962
江苏省,南通市,江苏省,镇江市,335
浙江省,台州市,江苏省,镇江市,35
安徽省,合肥市,江苏省,镇江市,177
浙江省,嘉兴市,江苏省,镇江市,74
浙江省,宁波市,江苏省,镇江市,77
安徽省,安庆市,江苏省,镇江市,41
安徽省,宣城市,江苏省,镇江市,96
安徽省,宿州市,江苏省,镇江市,118
江苏省,宿迁市,江苏省,镇江市,248
江苏省,常州市,江苏省,镇江市,3218
江苏省,徐州市,江苏省,镇江市,246
江苏省,扬州市,江苏省,镇江市,1153
江苏省,无锡市,江苏省,镇江市,644
浙江省,杭州市,江苏省,镇江市,195
安徽省,池州市,江苏省,镇江市,31
江苏省,泰州市,江苏省,镇江市,436
安徽省,淮北市,江苏省,镇江市,28
安徽省,淮南市,江苏省,镇江市,35
江苏省,淮安市,江苏省,镇江市,332
浙江省,温州市,江苏省,镇江市,61
浙江省,湖州市,江苏省,镇江市,97
安徽省,滁州市,江苏省,镇江市,168
江苏省,盐城市,江苏省,镇江市,258
浙江省,绍兴市,江苏省,镇江市,37
浙江省,舟山市,江苏省,镇江市,12
安徽省,芜湖市,江苏省,镇江市,81
江苏省,苏州市,江苏省,镇江市,892
安徽省,蚌埠市,江苏省,镇江市,95
浙江省,衢州市,江苏省,镇江市,27
江苏省,连云港市,江苏省,镇江市,129
浙江省,金华市,江苏省,镇江市,76
安徽省,铜陵市,江苏省,镇江市,21
安徽省,阜阳市,江苏省,镇江市,92
安徽省,马鞍山市,江苏省,镇江市,109
安徽省,黄山市,江苏省,镇江市,14
上海市,上海市,安徽省,阜阳市,1392
浙江省,丽水市,安徽省,阜阳市,14
安徽省,亳州市,安徽省,阜阳市,4734
安徽省,六安市,安徽省,阜阳市,851
江苏省,南京市,安徽省,阜阳市,367
江苏省,南通市,安徽省,阜阳市,101
浙江省,台州市,安徽省,阜阳市,163
安徽省,合肥市,安徽省,阜阳市,1905
浙江省,嘉兴市,安徽省,阜阳市,245
浙江省,宁波市,安徽省,阜阳市,552
安徽省,安庆市,安徽省,阜阳市,92
安徽省,宣城市,安徽省,阜阳市,62
安徽省,宿州市,安徽省,阜阳市,188
江苏省,宿迁市,安徽省,阜阳市,46
江苏省,常州市,安徽省,阜阳市,218
江苏省,徐州市,安徽省,阜阳市,150
江苏省,扬州市,安徽省,阜阳市,74
江苏省,无锡市,安徽省,阜阳市,247
浙江省,杭州市,安徽省,阜阳市,719
安徽省,池州市,安徽省,阜阳市,51
江苏省,泰州市,安徽省,阜阳市,37
安徽省,淮北市,安徽省,阜阳市,171
安徽省,淮南市,安徽省,阜阳市,1526
江苏省,淮安市,安徽省,阜阳市,42
浙江省,温州市,安徽省,阜阳市,291
浙江省,湖州市,安徽省,阜阳市,181
安徽省,滁州市,安徽省,阜阳市,135
江苏省,盐城市,安徽省,阜阳市,34
浙江省,绍兴市,安徽省,阜阳市,219
浙江省,舟山市,安徽省,阜阳市,133
安徽省,芜湖市,安徽省,阜阳市,113
江苏省,苏州市,安徽省,阜阳市,586
安徽省,蚌埠市,安徽省,阜阳市,274
浙江省,衢州市,安徽省,阜阳市,15
江苏省,连云港市,安徽省,阜阳市,19
浙江省,金华市,安徽省,阜阳市,113
安徽省,铜陵市,安徽省,阜阳市,20
江苏省,镇江市,安徽省,阜阳市,63
安徽省,马鞍山市,安徽省,阜阳市,62
安徽省,黄山市,安徽省,阜阳市,31
上海市,上海市,安徽省,马鞍山市,278
安徽省,亳州市,安徽省,马鞍山市,62
安徽省,六安市,安徽省,马鞍山市,75
江苏省,南京市,安徽省,马鞍山市,2035
江苏省,南通市,安徽省,马鞍山市,44
浙江省,台州市,安徽省,马鞍山市,12
安徽省,合肥市,安徽省,马鞍山市,1749
浙江省,嘉兴市,安徽省,马鞍山市,26
浙江省,宁波市,安徽省,马鞍山市,27
安徽省,安庆市,安徽省,马鞍山市,55
安徽省,宣城市,安徽省,马鞍山市,414
安徽省,宿州市,安徽省,马鞍山市,58
江苏省,宿迁市,安徽省,马鞍山市,34
江苏省,常州市,安徽省,马鞍山市,84
江苏省,徐州市,安徽省,马鞍山市,145
江苏省,扬州市,安徽省,马鞍山市,31
江苏省,无锡市,安徽省,马鞍山市,91
浙江省,杭州市,安徽省,马鞍山市,102
安徽省,池州市,安徽省,马鞍山市,51
江苏省,泰州市,安徽省,马鞍山市,40
安徽省,淮北市,安徽省,马鞍山市,24
安徽省,淮南市,安徽省,马鞍山市,42
江苏省,淮安市,安徽省,马鞍山市,31
浙江省,温州市,安徽省,马鞍山市,18
浙江省,湖州市,安徽省,马鞍山市,32
安徽省,滁州市,安徽省,马鞍山市,497
江苏省,盐城市,安徽省,马鞍山市,31
浙江省,绍兴市,安徽省,马鞍山市,11
浙江省,舟山市,安徽省,马鞍山市,5
安徽省,芜湖市,安徽省,马鞍山市,1889
江苏省,苏州市,安徽省,马鞍山市,195
安徽省,蚌埠市,安徽省,马鞍山市,57
浙江省,衢州市,安徽省,马鞍山市,6
江苏省,连云港市,安徽省,马鞍山市,18
浙江省,金华市,安徽省,马鞍山市,18
安徽省,铜陵市,安徽省,马鞍山市,53
江苏省,镇江市,安徽省,马鞍山市,51
安徽省,阜阳市,安徽省,马鞍山市,68
安徽省,黄山市,安徽省,马鞍山市,24
上海市,上海市,安徽省,黄山市,176
浙江省,丽水市,安徽省,黄山市,4
安徽省,亳州市,安徽省,黄山市,14
安徽省,六安市,安徽省,黄山市,33
江苏省,南京市,安徽省,黄山市,62
江苏省,南通市,安徽省,黄山市,7
浙江省,台州市,安徽省,黄山市,11
安徽省,合肥市,安徽省,黄山市,268
浙江省,嘉兴市,安徽省,黄山市,34
浙江省,宁波市,安徽省,黄山市,42
安徽省,安庆市,安徽省,黄山市,56
安徽省,宣城市,安徽省,黄山市,669
安徽省,宿州市,安徽省,黄山市,20
江苏省,宿迁市,安徽省,黄山市,6
江苏省,常州市,安徽省,黄山市,12
江苏省,徐州市,安徽省,黄山市,5
江苏省,扬州市,安徽省,黄山市,10
江苏省,无锡市,安徽省,黄山市,29
浙江省,杭州市,安徽省,黄山市,368
安徽省,池州市,安徽省,黄山市,203
江苏省,泰州市,安徽省,黄山市,4
安徽省,淮北市,安徽省,黄山市,8
安徽省,淮南市,安徽省,黄山市,18
江苏省,淮安市,安徽省,黄山市,6
浙江省,温州市,安徽省,黄山市,15
浙江省,湖州市,安徽省,黄山市,51
安徽省,滁州市,安徽省,黄山市,31
江苏省,盐城市,安徽省,黄山市,2
浙江省,绍兴市,安徽省,黄山市,25
浙江省,舟山市,安徽省,黄山市,7
安徽省,芜湖市,安徽省,黄山市,101
江苏省,苏州市,安徽省,黄山市,65
安徽省,蚌埠市,安徽省,黄山市,18
浙江省,衢州市,安徽省,黄山市,45
江苏省,连云港市,安徽省,黄山市,4
浙江省,金华市,安徽省,黄山市,39
安徽省,铜陵市,安徽省,黄山市,39
江苏省,镇江市,安徽省,黄山市,7
安徽省,阜阳市,安徽省,黄山市,24
安徽省,马鞍山市,安徽省,黄山市,30
浙江省,丽水市,上海市,上海市,121
安徽省,亳州市,上海市,上海市,738
安徽省,六安市,上海市,上海市,723
江苏省,南京市,上海市,上海市,2735
江苏省,南通市,上海市,上海市,4211
浙江省,台州市,上海市,上海市,939
安徽省,合肥市,上海市,上海市,1646
浙江省,嘉兴市,上海市,上海市,3424
浙江省,宁波市,上海市,上海市,2174
安徽省,安庆市,上海市,上海市,442
安徽省,宣城市,上海市,上海市,584
安徽省,宿州市,上海市,上海市,706
江苏省,宿迁市,上海市,上海市,708
江苏省,常州市,上海市,上海市,1305
江苏省,徐州市,上海市,上海市,911
江苏省,扬州市,上海市,上海市,976
江苏省,无锡市,上海市,上海市,3011
浙江省,杭州市,上海市,上海市,4887
安徽省,池州市,上海市,上海市,284
江苏省,泰州市,上海市,上海市,1019
安徽省,淮北市,上海市,上海市,244
安徽省,淮南市,上海市,上海市,568
江苏省,淮安市,上海市,上海市,657
浙江省,温州市,上海市,上海市,735
浙江省,湖州市,上海市,上海市,922
安徽省,滁州市,上海市,上海市,543
江苏省,盐城市,上海市,上海市,1526
浙江省,绍兴市,上海市,上海市,1199
浙江省,舟山市,上海市,上海市,641
安徽省,芜湖市,上海市,上海市,682
江苏省,苏州市,上海市,上海市,26012
安徽省,蚌埠市,上海市,上海市,631
浙江省,衢州市,上海市,上海市,234
江苏省,连云港市,上海市,上海市,396
浙江省,金华市,上海市,上海市,903
安徽省,铜陵市,上海市,上海市,162
江苏省,镇江市,上海市,上海市,566
安徽省,阜阳市,上海市,上海市,1071
安徽省,马鞍山市,上海市,上海市,287
安徽省,黄山市,上海市,上海市,197
